{"cameraMode":{"drawMode":0,"name":"Shaded","section":"Shading Mode"},"sceneLighting":true,"audioPlay":false,"sceneViewState":{"m_AlwaysRefresh":false,"showFog":true,"showSkybox":true,"showFlares":true,"showImageEffects":true,"showParticleSystems":true,"showVisualEffectGraphs":true,"m_FxEnabled":true},"in2DMode":false,"pivot":{"x":19.68124771118164,"y":-71.77694702148438,"z":30.329666137695314},"rotation":{"x":-0.48800423741340639,"y":0.024049624800682069,"z":-0.013432270847260952,"w":-0.8724344968795776},"size":199.4697723388672,"orthographic":false}