{"cameraMode":{"drawMode":0,"name":"Shaded","section":"Shading Mode"},"sceneLighting":true,"audioPlay":false,"sceneViewState":{"m_AlwaysRefresh":false,"showFog":true,"showSkybox":true,"showFlares":true,"showImageEffects":true,"showParticleSystems":true,"showVisualEffectGraphs":true,"m_FxEnabled":true},"in2DMode":false,"pivot":{"x":-54.62025451660156,"y":-50.658660888671878,"z":29.307113647460939},"rotation":{"x":-0.38480618596076968,"y":0.16662375628948213,"z":-0.07082046568393707,"w":-0.9050928354263306},"size":223.77175903320313,"orthographic":false}