{"cameraMode":{"drawMode":0,"name":"Shaded","section":"Shading Mode"},"sceneLighting":false,"audioPlay":false,"sceneViewState":{"m_AlwaysRefresh":false,"showFog":true,"showSkybox":false,"showFlares":true,"showImageEffects":true,"showParticleSystems":true,"showVisualEffectGraphs":true,"m_FxEnabled":true},"in2DMode":false,"pivot":{"x":-1.161647915840149,"y":1.7918920516967774,"z":-0.04846048355102539},"rotation":{"x":0.31558936834335329,"y":0.03556838259100914,"z":-0.011839428916573525,"w":0.9481620192527771},"size":3.3076765537261965,"orthographic":false}