{"cameraMode":{"drawMode":0,"name":"Shaded","section":"Shading Mode"},"sceneLighting":true,"audioPlay":false,"sceneViewState":{"m_AlwaysRefresh":false,"showFog":true,"showSkybox":true,"showFlares":true,"showImageEffects":true,"showParticleSystems":true,"showVisualEffectGraphs":true,"m_FxEnabled":true},"in2DMode":false,"pivot":{"x":116.1538314819336,"y":7.580901145935059,"z":86.82975769042969},"rotation":{"x":-0.08719894289970398,"y":0.004453573375940323,"z":-0.0003768815950024873,"w":-0.9961944222450256},"size":30.437957763671876,"orthographic":false}