{"cameraMode":{"drawMode":0,"name":"Shaded","section":"Shading Mode"},"sceneLighting":false,"audioPlay":false,"sceneViewState":{"m_AlwaysRefresh":false,"showFog":true,"showSkybox":false,"showFlares":true,"showImageEffects":true,"showParticleSystems":true,"showVisualEffectGraphs":true,"m_FxEnabled":true},"in2DMode":false,"pivot":{"x":-0.3472933769226074,"y":2.710075616836548,"z":-0.4565681219100952},"rotation":{"x":0.27990615367889407,"y":-0.10057549178600311,"z":0.029498780146241189,"w":0.9542958736419678},"size":3.5394558906555177,"orthographic":false}