{"cameraMode":{"drawMode":0,"name":"Shaded","section":"Shading Mode"},"sceneLighting":false,"audioPlay":false,"sceneViewState":{"m_AlwaysRefresh":false,"showFog":true,"showSkybox":false,"showFlares":true,"showImageEffects":true,"showParticleSystems":true,"showVisualEffectGraphs":true,"m_FxEnabled":true},"in2DMode":false,"pivot":{"x":-10.724038124084473,"y":10.133551597595215,"z":-5.203903675079346},"rotation":{"x":-0.026415782049298288,"y":0.9597517848014832,"z":-0.2625214457511902,"w":-0.09653207659721375},"size":19.986705780029298,"orthographic":false}